INSERT INTO users (username, password, role, avatar)
VALUES 
	('iVanovna', 'servletslab111', 'автор', 'https://i.imgur.com/Df3EqJR.png'),
	('Teacup', 'tusuruni345', 'читатель', 'https://i.imgur.com/UJmKc8u.png'),
	('Mister_Dude', 'qwerty678', 'автор', 'https://i.imgur.com/B9oyCck.png'),
	('Sonic', 'thehedgehog', 'читатель', DEFAULT);

INSERT INTO articles (author, title, contents, image)
VALUES
	('iVanovna', 'Специалисты выявили 11 недобросовестных предприятий по производству рыбных консервов в Заполярье', '<p>Сотрудники регионального Россельхознадзора проверили 35 компаний, занимающихся производством рыбных консервов. Проблемы зафиксировали у 11 из них, передает пресс-служба надзорного органа.</p><p>Например, один производитель выпускал консервы без исследований на ядовитые вещества — пестициды. Они могут провоцировать развитие серьезных болезней вплоть до онкологических. Другое предприятие не предоставило результаты проверок на паразитов. Из-за этого обе компании лишились деклараций и им выписали предостережения.</p><p>Всего проверки Россельхознадзора привели к отзыву четырех деклараций о соответствии, выдаче семи предостережений и направлению 15 писем в полицию и прокуратуру.</p>', 'https://i.imgur.com/YuAc4FU.png'),
	('Mister_Dude', 'Утверждён план противопожарного обустройства лесов на пять лет в регионе', '<p>План противопожарного обустройства лесов Мурманской области получил положительное заключение Департамента лесного хозяйства по Северо-Западному федеральному округу и утверждён губернатором. Он разработан с целью объективной оценки состояния лесных насаждений, более точного и эффективного планирования мероприятий по борьбе с лесными пожарами.</p><p>Документ содержит информацию о количественных и качественных характеристиках леса, аналитические данные о прохождении пожароопасных сезонов прошлых лет, а также информацию о природных условиях окружающей среды региона в целом. Помимо этого, отражается информация о лесопожарном зонировании, распределении площади лесов по классам природной пожарной опасности, территориальные особенности начала пожароопасного сезона, данные об участках, предоставленных в пользование и мероприятиях противопожарного обустройства лесов.</p><p>За период действия плана на территории лесного фонда Мурманской области до 2028 года планируется в том числе провести работы по устройству и прочистке минерализованных полос в количестве 1 104 км, благоустройству 635 зон отдыха и установке более 3 000 аншлагов, содержащих информацию о мерах пожарной безопасности в лесах.</p>', 'https://i.imgur.com/FFcrGrD.png'),
	('iVanovna', 'Княженику собирают в Мурманской области', '<p>Об этом рассказали в заповеднике «Пасвик». В соцсети учрежения размещено фото этой сладкой и ароматной ягоды. Княженику еще называют поленика, княжница, мамура, полуденица, арктическая малина.</p><p>Цветение растения начинается в мае и может продолжаться до конца лета, поэтому рядом с поспевшими ягодами можно увидеть красивые ярко-розовые цветки.</p><p>Эта ягода растёт в заболоченных лесах, по берегам рек, у ручьёв. По вкусу напоминает ананас. Из княженики готовят вкусные варенье, напитки, а высушенные молодые листья добавляют в чай.</p>', 'https://i.imgur.com/cE7etzR.png'),
	('Mister_Dude', 'Население Мурманской области уменьшилось на 1 700 человек', '<p>Данные на 1 июня 2024 года опубликовал Мурманскстат. Согласно статистике, население региона уменьшилось с начала года 1,7 тысячи человек, то есть на 0,3%. При этом по сравнению с маем в июне число жителей сократилось на 600 человек.</p><p>За пять прошедших месяцев родилось 2130 детей, что на 165 детей меньше, чем за аналогичный период 2023 года. Прибыли в Мурманскую область 9428 человек, а убыли – 9816. Таким образом, отток населения составил 388 человек.</p><p>Что касается внутреригональной миграции, то она составила 2215 человек. За пять месяцев было заключено 1666 браков, но выросло и число разводов - до 1628, прирост составил 125 разводов.</p>', 'https://i.imgur.com/KQBzBww.png'),
	('iVanovna', 'Маломерным судам в Кольском районе запретили выходить в море', '<p>В Кольском районе ввели режим повышенной готовности. В связи с этим, маломерным судам запретят выходить в Баренцево море. В Управлении по ГОЧС и ПБ Мурманской области сообщили, что ограничения будут действовать с субботы до понедельника. Они коснутся территории Териберки.</p><p>Ранее «Хибины» писали, что в МЧС предупредили о сильных снегопадах. Северян просят отказаться от дальних поездок и быть осторожнее на улице.</p>', 'https://i.imgur.com/OtiuuCr.png'),
	('iVanovna', 'Завод по выращиваю мальков лосося появится в Мурманской области', '<p>Свой смолтовый завод планируется открыть в Мурманской области в 2026-2027 годах. Ежегодно он сможет производить порядка десяти миллионов тонн малька. Займется этим компания ПАО «Инарктика».</p><p>При этом в планах применять технологию ускоренного производства лосося. Напомним, на сегодняшний день компания выращивает в акватории Баренцева моря товарного атлантического лосося и морскую форель. Ранее мальки привозились из Норвегии. Однако в декабре 2022 года заводы в Норвегии были проданы. На данный момент есть свои предприятия в Калужской области и Нижнем Новгороде. Сейчас ведется строительство завода в Карелии. </p><p>Напомним, компания «Инарктика» была основана в 1997 году. В 2007 году стартовало собственное разведение рыбы. Первая ферма в Мурманске открылась в 2012 году.</p>', 'https://i.imgur.com/9L4Wy77.png');

INSERT INTO comments (author, article_id, contents)
VALUES
	('Teacup', 1, 'Вот поэтому я консервы не ем и вам не советую! Если только жена сама закатывает.'),
	('Sonic', 4, 'Это потому что все  сидят, программируют, никто рожать не хочет.'),
	('Teacup', 5, 'Эх, а мы как раз собирались прокатиться на катере с мужиками ☹️'),
	('Mister_Dude', 6, 'Ура, будет работа для рыбоводов и биологов в нашем регионе!');
